{
    "dji fc300s 400 225 brown 0.5555 rgb": {
        "p2": -0.00021494345639657076, 
        "p1": -0.00023023972136938917, 
        "width": 400, 
        "projection_type": "brown", 
        "height": 225, 
        "k3": 0.001070768613367498, 
        "k2": 0.0006216772586776591, 
        "k1": 1.2229495674441482e-05, 
        "focal_y": 0.5555363402393754, 
        "focal_x": 0.5555363402393754, 
        "c_y": 9.708097894520179e-06, 
        "c_x": 8.085289565047882e-05
    }
}