{
    "wall_times": {
        "load_matches": 0.016739845275878906, 
        "compute_tracks": 0.10176205635070801, 
        "load_features": 0.1568739414215088
    }, 
    "num_images": 7, 
    "view_graph": [
        [
            "DJI_0018.JPG", 
            "DJI_0019.JPG", 
            108
        ], 
        [
            "DJI_0018.JPG", 
            "DJI_0030.JPG", 
            70
        ], 
        [
            "DJI_0018.JPG", 
            "DJI_0027.JPG", 
            31
        ], 
        [
            "DJI_0018.JPG", 
            "DJI_0029.JPG", 
            148
        ], 
        [
            "DJI_0018.JPG", 
            "DJI_0020.JPG", 
            16
        ], 
        [
            "DJI_0018.JPG", 
            "DJI_0028.JPG", 
            94
        ], 
        [
            "DJI_0019.JPG", 
            "DJI_0018.JPG", 
            108
        ], 
        [
            "DJI_0019.JPG", 
            "DJI_0030.JPG", 
            29
        ], 
        [
            "DJI_0019.JPG", 
            "DJI_0027.JPG", 
            65
        ], 
        [
            "DJI_0019.JPG", 
            "DJI_0029.JPG", 
            65
        ], 
        [
            "DJI_0019.JPG", 
            "DJI_0020.JPG", 
            81
        ], 
        [
            "DJI_0019.JPG", 
            "DJI_0028.JPG", 
            93
        ], 
        [
            "DJI_0030.JPG", 
            "DJI_0018.JPG", 
            70
        ], 
        [
            "DJI_0030.JPG", 
            "DJI_0019.JPG", 
            29
        ], 
        [
            "DJI_0030.JPG", 
            "DJI_0027.JPG", 
            68
        ], 
        [
            "DJI_0030.JPG", 
            "DJI_0029.JPG", 
            269
        ], 
        [
            "DJI_0030.JPG", 
            "DJI_0020.JPG", 
            3
        ], 
        [
            "DJI_0030.JPG", 
            "DJI_0028.JPG", 
            181
        ], 
        [
            "DJI_0027.JPG", 
            "DJI_0018.JPG", 
            31
        ], 
        [
            "DJI_0027.JPG", 
            "DJI_0019.JPG", 
            65
        ], 
        [
            "DJI_0027.JPG", 
            "DJI_0030.JPG", 
            68
        ], 
        [
            "DJI_0027.JPG", 
            "DJI_0029.JPG", 
            84
        ], 
        [
            "DJI_0027.JPG", 
            "DJI_0020.JPG", 
            58
        ], 
        [
            "DJI_0027.JPG", 
            "DJI_0028.JPG", 
            220
        ], 
        [
            "DJI_0029.JPG", 
            "DJI_0018.JPG", 
            148
        ], 
        [
            "DJI_0029.JPG", 
            "DJI_0019.JPG", 
            65
        ], 
        [
            "DJI_0029.JPG", 
            "DJI_0030.JPG", 
            269
        ], 
        [
            "DJI_0029.JPG", 
            "DJI_0027.JPG", 
            84
        ], 
        [
            "DJI_0029.JPG", 
            "DJI_0020.JPG", 
            8
        ], 
        [
            "DJI_0029.JPG", 
            "DJI_0028.JPG", 
            265
        ], 
        [
            "DJI_0020.JPG", 
            "DJI_0018.JPG", 
            16
        ], 
        [
            "DJI_0020.JPG", 
            "DJI_0019.JPG", 
            81
        ], 
        [
            "DJI_0020.JPG", 
            "DJI_0030.JPG", 
            3
        ], 
        [
            "DJI_0020.JPG", 
            "DJI_0027.JPG", 
            58
        ], 
        [
            "DJI_0020.JPG", 
            "DJI_0029.JPG", 
            8
        ], 
        [
            "DJI_0020.JPG", 
            "DJI_0028.JPG", 
            41
        ], 
        [
            "DJI_0028.JPG", 
            "DJI_0018.JPG", 
            94
        ], 
        [
            "DJI_0028.JPG", 
            "DJI_0019.JPG", 
            93
        ], 
        [
            "DJI_0028.JPG", 
            "DJI_0030.JPG", 
            181
        ], 
        [
            "DJI_0028.JPG", 
            "DJI_0027.JPG", 
            220
        ], 
        [
            "DJI_0028.JPG", 
            "DJI_0029.JPG", 
            265
        ], 
        [
            "DJI_0028.JPG", 
            "DJI_0020.JPG", 
            41
        ]
    ], 
    "num_tracks": 852, 
    "wall_time": 0.2753758430480957
}