{
    "dji fc300s 400 225 brown 0.5555 rgb": {
        "p2": 0.0003663405093203654, 
        "p1": -0.0002713015333962102, 
        "width": 400, 
        "projection_type": "brown", 
        "height": 225, 
        "k3": 0.0022020034465800357, 
        "k2": 0.001447393888521234, 
        "k1": -0.00010509824676944581, 
        "focal_y": 0.5555443718827697, 
        "focal_x": 0.5555443718827697, 
        "c_y": 0.000126077802633678, 
        "c_x": -0.00025744833761839534
    }
}