{
  "boundary":
  {
    "area": 784.1860031,
    "avg_pt_per_sq_unit": 3.716133777,
    "avg_pt_spacing": 1.10177594,
    "boundary": "MULTIPOLYGON (((576757.51 5188140.0,576758.01 5188142.6,576756.51 5188143.5,576754.51 5188141.7,576757.51 5188140.0)),((576721.51 5188141.7,576723.51 5188143.5,576726.51 5188143.5,576721.51 5188146.9,576723.51 5188150.4,576723.01 5188154.7,576719.01 5188154.7,576718.51 5188157.3,576715.51 5188159.1,576714.01 5188156.5,576711.51 5188155.6,576713.01 5188158.2,576712.51 5188162.5,576710.01 5188159.9,576708.01 5188163.4,576705.51 5188162.5,576705.01 5188165.1,576702.51 5188164.3,576702.51 5188155.6,576705.51 5188153.9,576709.51 5188155.6,576712.51 5188153.9,576714.51 5188150.4,576718.51 5188152.1,576718.51 5188150.4,576714.01 5188147.8,576716.01 5188144.3,576718.51 5188145.2,576719.01 5188142.6,576721.51 5188141.7),(576704.01 5188159.9,576704.01 5188158.2,576708.51 5188159.1,576706.51 5188160.8,576704.01 5188159.9)),((576762.01 5188147.8,576765.51 5188152.1,576763.51 5188155.6,576759.01 5188149.5,576762.01 5188147.8)),((576751.51 5188152.1,576754.51 5188152.1,576755.01 5188154.7,576757.51 5188152.1,576758.01 5188154.7,576756.01 5188156.5,576759.01 5188156.5,576757.51 5188159.1,576759.51 5188160.8,576755.01 5188161.7,576753.01 5188165.1,576749.01 5188163.4,576750.01 5188166.9,576747.51 5188166.0,576746.01 5188168.6,576744.01 5188163.4,576741.51 5188164.3,576739.51 5188160.8,576742.51 5188159.1,576743.01 5188156.5,576745.51 5188159.1,576746.01 5188154.7,576751.51 5188152.1),(576749.01 5188156.5,576749.01 5188154.7,576751.51 5188153.9,576754.51 5188155.6,576755.01 5188158.2,576753.51 5188159.1,576752.01 5188156.5,576750.51 5188159.1,576749.01 5188156.5)),((576729.01 5188154.7,576729.51 5188157.3,576726.01 5188159.9,576727.51 5188164.3,576725.01 5188163.4,576723.01 5188165.1,576726.01 5188165.1,576727.51 5188167.7,576723.51 5188167.7,576721.51 5188172.9,576717.01 5188175.5,576713.01 5188175.5,576712.51 5188178.1,576707.01 5188182.4,576706.51 5188178.1,576710.01 5188175.5,576709.51 5188171.2,576711.51 5188167.7,576714.01 5188166.9,576716.01 5188163.4,576718.51 5188166.0,576718.51 5188162.5,576720.51 5188159.1,576723.01 5188159.9,576723.51 5188157.3,576727.51 5188157.3,576729.01 5188154.7)),((576700.51 5188160.8,576700.51 5188164.3,576697.51 5188164.3,576699.01 5188166.9,576695.01 5188166.9,576693.51 5188162.5,576696.01 5188163.4,576700.51 5188160.8)),((576736.51 5188164.3,576741.51 5188167.7,576744.01 5188166.9,576742.51 5188172.9,576740.01 5188172.0,576739.51 5188174.6,576735.51 5188176.4,576735.01 5188179.0,576731.01 5188179.0,576727.51 5188185.0,576722.01 5188187.6,576720.51 5188190.2,576720.01 5188184.2,576723.51 5188183.3,576721.51 5188181.6,576717.51 5188183.3,576717.51 5188181.6,576726.01 5188175.5,576728.01 5188170.3,576736.51 5188172.9,576736.51 5188169.5,576738.51 5188167.7,576735.01 5188165.1,576736.51 5188164.3)))",
    "boundary_json": { "type": "MultiPolygon", "coordinates": [ [ [ [ 576757.509999989997596, 5188140.005263290368021 ], [ 576758.009999989997596, 5188142.603339499793947 ], [ 576756.509999989997596, 5188143.469364910386503 ], [ 576754.509999989997596, 5188141.737314100377262 ], [ 576757.509999989997596, 5188140.005263290368021 ] ] ], [ [ [ 576721.510000000009313, 5188141.737314100377262 ], [ 576723.510000000009313, 5188143.469364910386503 ], [ 576726.510000000009313, 5188143.469364910386503 ], [ 576721.510000000009313, 5188146.933466520160437 ], [ 576723.510000000009313, 5188150.397568140178919 ], [ 576723.010000000009313, 5188154.72769515030086 ], [ 576719.010000000009313, 5188154.72769515030086 ], [ 576718.510000000009313, 5188157.325771369971335 ], [ 576715.510000000009313, 5188159.057822169736028 ], [ 576714.010000000009313, 5188156.459745960310102 ], [ 576711.510000000009313, 5188155.593720559962094 ], [ 576713.010000000009313, 5188158.191796770319343 ], [ 576712.510000000009313, 5188162.52192378975451 ], [ 576710.010000000009313, 5188159.923847580328584 ], [ 576708.010000000009313, 5188163.387949190102518 ], [ 576705.510000000009313, 5188162.52192378975451 ], [ 576705.010000000009313, 5188165.120000000111759 ], [ 576702.510000000009313, 5188164.253974599763751 ], [ 576702.510000000009313, 5188155.593720559962094 ], [ 576705.510000000009313, 5188153.861669749952853 ], [ 576709.510000000009313, 5188155.593720559962094 ], [ 576712.510000000009313, 5188153.861669749952853 ], [ 576714.510000000009313, 5188150.397568140178919 ], [ 576718.510000000009313, 5188152.129618939943612 ], [ 576718.510000000009313, 5188150.397568140178919 ], [ 576714.010000000009313, 5188147.799491919577122 ], [ 576716.010000000009313, 5188144.335390309803188 ], [ 576718.510000000009313, 5188145.201415710151196 ], [ 576719.010000000009313, 5188142.603339499793947 ], [ 576721.510000000009313, 5188141.737314100377262 ] ], [ [ 576704.010000000009313, 5188159.923847580328584 ], [ 576704.010000000009313, 5188158.191796770319343 ], [ 576708.510000000009313, 5188159.057822169736028 ], [ 576706.510000000009313, 5188160.789872979745269 ], [ 576704.010000000009313, 5188159.923847580328584 ] ] ], [ [ [ 576762.009999989997596, 5188147.799491919577122 ], [ 576765.509999989997596, 5188152.129618939943612 ], [ 576763.509999989997596, 5188155.593720559962094 ], [ 576759.009999989997596, 5188149.531542729586363 ], [ 576762.009999989997596, 5188147.799491919577122 ] ] ], [ [ [ 576751.509999989997596, 5188152.129618939943612 ], [ 576754.509999989997596, 5188152.129618939943612 ], [ 576755.009999989997596, 5188154.72769515030086 ], [ 576757.509999989997596, 5188152.129618939943612 ], [ 576758.009999989997596, 5188154.72769515030086 ], [ 576756.009999989997596, 5188156.459745960310102 ], [ 576759.009999989997596, 5188156.459745960310102 ], [ 576757.509999989997596, 5188159.057822169736028 ], [ 576759.509999989997596, 5188160.789872979745269 ], [ 576755.009999989997596, 5188161.655898380093277 ], [ 576753.009999989997596, 5188165.120000000111759 ], [ 576749.009999989997596, 5188163.387949190102518 ], [ 576750.009999989997596, 5188166.852050810121 ], [ 576747.509999989997596, 5188165.986025400459766 ], [ 576746.009999989997596, 5188168.584101620130241 ], [ 576744.009999989997596, 5188163.387949190102518 ], [ 576741.509999989997596, 5188164.253974599763751 ], [ 576739.509999989997596, 5188160.789872979745269 ], [ 576742.509999989997596, 5188159.057822169736028 ], [ 576743.009999989997596, 5188156.459745960310102 ], [ 576745.509999989997596, 5188159.057822169736028 ], [ 576746.009999989997596, 5188154.72769515030086 ], [ 576751.509999989997596, 5188152.129618939943612 ] ], [ [ 576749.009999989997596, 5188156.459745960310102 ], [ 576749.009999989997596, 5188154.72769515030086 ], [ 576751.509999989997596, 5188153.861669749952853 ], [ 576754.509999989997596, 5188155.593720559962094 ], [ 576755.009999989997596, 5188158.191796770319343 ], [ 576753.509999989997596, 5188159.057822169736028 ], [ 576752.009999989997596, 5188156.459745960310102 ], [ 576750.509999989997596, 5188159.057822169736028 ], [ 576749.009999989997596, 5188156.459745960310102 ] ] ], [ [ [ 576729.009999989997596, 5188154.72769515030086 ], [ 576729.509999989997596, 5188157.325771369971335 ], [ 576726.010000000009313, 5188159.923847580328584 ], [ 576727.509999989997596, 5188164.253974599763751 ], [ 576725.010000000009313, 5188163.387949190102518 ], [ 576723.010000000009313, 5188165.120000000111759 ], [ 576726.010000000009313, 5188165.120000000111759 ], [ 576727.509999989997596, 5188167.718076209537685 ], [ 576723.510000000009313, 5188167.718076209537685 ], [ 576721.510000000009313, 5188172.914228630252182 ], [ 576717.010000000009313, 5188175.512304849922657 ], [ 576713.010000000009313, 5188175.512304849922657 ], [ 576712.510000000009313, 5188178.110381060279906 ], [ 576707.010000000009313, 5188182.440508079715073 ], [ 576706.510000000009313, 5188178.110381060279906 ], [ 576710.010000000009313, 5188175.512304849922657 ], [ 576709.510000000009313, 5188171.182177829556167 ], [ 