{
    "v2 dji fc300s 400 225 brown 0.5555 rgb": {
        "height": 225, 
        "focal_y": 0.5555555555555556, 
        "focal_x": 0.5555555555555556, 
        "c_y": 0.0, 
        "c_x": 0.0, 
        "p2": 0.0, 
        "p1": 0.0, 
        "k2": 0.0, 
        "projection_type": "brown", 
        "k3": 0.0, 
        "width": 400, 
        "k1": 0.0
    }
}