{
    "dji fc300s 400 225 brown 0.5555 rgb": {
        "p2": -0.00013634061817868813, 
        "p1": -0.00038456975636915977, 
        "width": 400, 
        "projection_type": "brown", 
        "height": 225, 
        "k3": 0.0027885848236621266, 
        "k2": 0.0021197492039174066, 
        "k1": 0.0007933515638119778, 
        "focal_y": 0.5555179916689013, 
        "focal_x": 0.5555179916689013, 
        "c_y": 3.0132485101892574e-05, 
        "c_x": 0.00010378821538819894
    }
}