{
    "wall_times": {
        "load_matches": 0.013578176498413086, 
        "compute_tracks": 0.05588102340698242, 
        "load_features": 0.13503384590148926
    }, 
    "num_images": 6, 
    "view_graph": [
        [
            "DJI_0021.JPG", 
            "DJI_0024.JPG", 
            12
        ], 
        [
            "DJI_0021.JPG", 
            "DJI_0026.JPG", 
            52
        ], 
        [
            "DJI_0021.JPG", 
            "DJI_0023.JPG", 
            11
        ], 
        [
            "DJI_0021.JPG", 
            "DJI_0022.JPG", 
            60
        ], 
        [
            "DJI_0021.JPG", 
            "DJI_0025.JPG", 
            55
        ], 
        [
            "DJI_0024.JPG", 
            "DJI_0021.JPG", 
            12
        ], 
        [
            "DJI_0024.JPG", 
            "DJI_0026.JPG", 
            31
        ], 
        [
            "DJI_0024.JPG", 
            "DJI_0023.JPG", 
            108
        ], 
        [
            "DJI_0024.JPG", 
            "DJI_0022.JPG", 
            35
        ], 
        [
            "DJI_0024.JPG", 
            "DJI_0025.JPG", 
            187
        ], 
        [
            "DJI_0026.JPG", 
            "DJI_0021.JPG", 
            52
        ], 
        [
            "DJI_0026.JPG", 
            "DJI_0024.JPG", 
            31
        ], 
        [
            "DJI_0026.JPG", 
            "DJI_0022.JPG", 
            37
        ], 
        [
            "DJI_0026.JPG", 
            "DJI_0025.JPG", 
            211
        ], 
        [
            "DJI_0023.JPG", 
            "DJI_0021.JPG", 
            11
        ], 
        [
            "DJI_0023.JPG", 
            "DJI_0024.JPG", 
            108
        ], 
        [
            "DJI_0023.JPG", 
            "DJI_0022.JPG", 
            53
        ], 
        [
            "DJI_0023.JPG", 
            "DJI_0025.JPG", 
            40
        ], 
        [
            "DJI_0022.JPG", 
            "DJI_0021.JPG", 
            60
        ], 
        [
            "DJI_0022.JPG", 
            "DJI_0024.JPG", 
            35
        ], 
        [
            "DJI_0022.JPG", 
            "DJI_0026.JPG", 
            37
        ], 
        [
            "DJI_0022.JPG", 
            "DJI_0023.JPG", 
            53
        ], 
        [
            "DJI_0022.JPG", 
            "DJI_0025.JPG", 
            66
        ], 
        [
            "DJI_0025.JPG", 
            "DJI_0021.JPG", 
            55
        ], 
        [
            "DJI_0025.JPG", 
            "DJI_0024.JPG", 
            187
        ], 
        [
            "DJI_0025.JPG", 
            "DJI_0026.JPG", 
            211
        ], 
        [
            "DJI_0025.JPG", 
            "DJI_0023.JPG", 
            40
        ], 
        [
            "DJI_0025.JPG", 
            "DJI_0022.JPG", 
            66
        ]
    ], 
    "num_tracks": 554, 
    "wall_time": 0.20449304580688477
}